﻿Designator,Footprint,Quantity,Value,LCSC Part #
C1,0402,1,10μ,
"C10, C11, C12, C15, C17, C2, C5, C7, C9",0402,9,100n,
C13,0402,1,22uF,
"C14, C19, C6",0402,3,1μ,
"C16, C27, C3, C30, C31, C32, C33, C35, C36, C8",0402,10,100nF,
"C18, C23, C24, C25, C29, C37",0402,6,10uF,
C20,0402,1,3.3pF,
C21,0402,1,1nF,
C22,0402,1,100uF,
C26,0402,1,2.2uF,
C28,0402,1,4.7μ,
"C34, C40",0402,2,1uF,
"C38, C47",0402,2,C_Small,
"C39, C44",0201,2,10nF,
C4,0402,1,10pF,
C41,0201,1,1nF,
C42,0201,1,100nF,
"C43, C45, C48, C49, C50, C51, C52, C53, C54, C55, C56, C57, C58",0201,13,C_Small,
C46,0201,1,470nF,
"C59, C60",0402,2,1.0 µF,
D1,DIOM7959X262N,1,SS34,
D2,SOD-123_L2.8-W1.8-LS3.7-RD,1,MMSZ4683T1G,C235985
"D3, D4",SODFL3616X98N,2,NRVB120VLSFT1G,
"D5, D9",0402,2,LED,
"D6, D7",0805,2,LED,
D8,D_SOD-123F,1,0.5A/40V,
FB1,0603,1,100R,
FB2,L0603,1,BLM18AG601SH1D,C73225
J1,Molex_Micro-Fit_3.0_43650-0215_1x02_P3.00mm_Vertical,1,Molex Microfit,
J2,PinHeader_2x03_P2.54mm_Vertical,1,Conn_02x03_Counter_Clockwise,
JP1,ANT-SMD_UFL-R-SMT-1-10,1,U.FL-R-SMT-1(10),C88373
L1,L_Coilcraft_XxL4020,1,2.2uH,
"L2, L4, L5, L6, L7, L8",0201,6,L_Small,
L3,0402,1,15nH,
"R1, R13, R23, R24, R25, R26, R27, R28, R29, R30, R31, R7",0402,12,10k,
"R10, R11",0402,2,2.2k,
"R12, R32, R9",0402,3,4.7k,
"R14, R17, R18, R22",0402,4,1k,
R15,0402,1,R,
R16,0201,1,100R,
R19,0402,1,3.3k,
R2,0402,1,47k,
"R20, R21",0402,2,470,
"R3, R4",0402,2,100k,
"R5, R6",0402,2,5.1k,
R8,0402,1,22k,
Rechargeable1,BatteryHolder_Seiko_MS621F,1,3.1V Battery,
U1,VQFN-16-1EP_3x3mm_P0.5mm_EP1.68x1.68mm_ThermalVias,1,TPS62153,
U10,LGA-16_L3.0-W3.0-P0.50-BL_SQ,1,MMC5983MA,C404329
U11,SC-70-6_L2.2-W1.3-P0.65-LS2.1-BL,1,PE4259-63,C470892
U12,QFN-24-1EP_4x4mm_P0.5mm_EP2.6x2.6mm,1,SX1262IMLTRT,
U13,SAM-M10Q_UBL,1,SAM-M10Q-00B,
U14,KLMBG2JENB-B041_SAM,1,KLM8G1GETF-B041,
U3,WSON-6-1EP_2x2mm_P0.65mm_EP1x1.6mm_ThermalVias,1,LP5912Q3.3DRVRQ1,
U4,SOT-23-6,1,USBLC6-2SC6,
U5,LQFP-100_14x14mm_P0.5mm,1,STM32U575VGTx,
U6,LGA-16_L4.5-W3.0-P0.50-BL,1,BMI088,C194919
U7,LGA-14_L5.0-W3.0-P0.80-BL,1,ADXL375BCCZ-RL7,C481898 
U8,VSSOP-8_L3.0-W3.0-P0.65-LS5.0-BL,1,TMP275AIDGKR VSSOP8,C87815
U9,LGA-8_3x5mm_P1.25mm,1,MS5607-02BA,
USB1,USB-C-SMD_TYPE-C3.1-02,1,C169130,C169130
X1,OSC-SMD_4P-L2.0-W1.6-BL_1XXD,1,1XXD32000MBA,C253694
