﻿Designator,Footprint,Quantity,Value,LCSC Part #
BT1,BAT_3098,1,3098,
C1,0402,1,10μ,
"C10, C11, C12, C15, C17, C2, C5, C7, C9",0402,9,100n,
C13,0402,1,22uF,
"C14, C19, C6",0402,3,1μ,
"C16, C22, C24, C47",0402,4,100uF,
"C18, C21, C25, C29, C37",0402,5,10uF,
"C20, C45, C48",0402,3,3.3pF,
"C23, C38, C39, C44",0402,4,10nF,
C26,0402,1,2.2uF,
C28,0402,1,4.7μ,
"C3, C30, C31, C32, C33, C35, C36, C42, C8",0402,9,100nF,
"C34, C40",0402,2,1uF,
C4,0402,1,0.1µF,
C41,0402,1,1nF,
"C43, C57",0402,2,39pF,
C46,0402,1,470nF,
"C49, C50",0402,2,47nF,
"C51, C58",0402,2,1.8pF,
"C52, C55",0402,2,5.6pF,
C53,0402,1,3.0pF,
"C54, C56",0402,2,2.4pF,
"C59, C60",0402,2,1.0 µF,
D1,DIOM7959X262N,1,SS34,
D2,SOD3716X135N,1,MMSZ4683T1G,
"D3, D4",SODFL3616X98N,2,NRVB120VLSFT1G,
"D6, D9",0402,2,LED,
D8,D_SOD-123F,1,0.5A/40V,
FB1,0603,1,100R,
FB2,L0603,1,BLM18AG601SH1D,C73225
IC1,SOIC127P600X175-14N,1,SN74HCT125DR,
J1,Molex_Micro-Fit_3.0_43650-0215_1x02_P3.00mm_Vertical,1,Molex Microfit,
J10,Molex_Micro-Fit_3.0_43650-0315_1x03_P3.00mm_Vertical,1,Conn_01x03_Socket,
"J11, J7, J8",Molex_Micro-Fit_3.0_43650-0215_1x02_P3.00mm_Vertical,3,Conn_01x02_Socket,
J3,CONN_RF2-04A-T-00-50-G_ADM,1,RF2-04A-T-00-50-G,
J4,PinHeader_2x04_P2.54mm_Vertical,1,Conn_02x04_Counter_Clockwise,
J9,LAIRD_BMI-S-209-F,1,BMI-S-209-F,
L1,L_Coilcraft_XxL4020,1,2.2uH,
L2,0402,1,9.1nH,
"L3, L6",0402,2,15nH,
L4,0402,1,0R,
L5,0402,1,47nH,
L7,0402,1,2.5nH,
L8,0402,1,4.7nH,
LS1,BUZZER_PS1440P02BT,1,PS1440P02BT,
"Q1, Q4",TRANS_SI7232DN-T1-GE3,2,SI7232DN-T1-GE3,
"R1, R13, R3, R34, R40, R41, R42, R43, R44, R45, R7",0402,11,10k,
"R10, R11, R12, R9",0402,4,2.7k,
R14,0402,1,100,
"R15, R19, R33, R39",0402,4,3.3K,
"R16, R18, R23",0402,3,5R,
"R17, R22",0402,2,1k,
R2,0402,1,47k,
"R20, R21",0402,2,470,
"R35, R36, R37, R38",0402,4,470R,
R4,0402,1,100k,
"R5, R6",0402,2,5.1k,
R8,0402,1,22k,
U1,VQFN-16-1EP_3x3mm_P0.5mm_EP1.68x1.68mm_ThermalVias,1,TPS62153,
U10,LGA-16_L3.0-W3.0-P0.50-BL_SQ,1,MMC5983MA,C404329
U11,QFN-24-1EP_4x4mm_P0.5mm_EP2.6x2.6mm,1,SX1262IMLTRT,
U12,BGA153N50P14X14_1000X1100X80,1,THGBMNG5D1LBAIT,
U13,SAM-M10Q_UBL,1,SAM-M10Q-00B,
U2,SC-70-6_L2.2-W1.3-P0.65-LS2.1-BL,1,PE4259-63,C470892
U3,WSON-6-1EP_2x2mm_P0.65mm_EP1x1.6mm_ThermalVias,1,LP5912Q3.3DRVRQ1,
U4,SOT-23-6,1,USBLC6-2SC6,
U5,LQFP-100_14x14mm_P0.5mm,1,STM32U575VGTx,
U6,LGA-16_L4.5-W3.0-P0.50-BL,1,BMI088,C194919
U7,LGA-14_L5.0-W3.0-P0.80-BL,1,ADXL375BCCZ-RL7,C481898 
U8,VSSOP-8_L3.0-W3.0-P0.65-LS5.0-BL,1,TMP275AIDGKR VSSOP8,C87815
U9,LGA-8_3x5mm_P1.25mm,1,MS5607-02BA,
USB1,AMPHENOL_10172013-00011LF,1,10172013-00011LF,C169130
X2,OSC_ECS-TXO-2520-33-320-AN-TR,1,ECS-TXO-32CSMV-320-AN-TR,
Y1,OSC_ECS-TXO-2520-33-320-AN-TR,1,32 MHz TCXO,
